{"success":true,"robotId":"L382502104987ir","floor":"Floor1","points":[{"id":"6823a5d4c74da807da5e8948","name":"6823a5d4c74da807da5e8948","type":"docker","poiId":"6823a5d4c74da807da5e8948","x":0.03443853667262486,"y":0.4981316698765672,"yaw":"266","areaId":"Floor1","floor":"Floor1","metadata":{"stopRadius":0.5,"dockingRadius":0.5,"mapId":4,"mapName":"Floor1","mapUid":"6823a65a635e4a0ff05b8104","rawFeature":{"id":"6823a5d4c74da807da5e8948","type":"Feature","geometry":{"type":"Point","coordinates":[0.03443853667262486,0.4981316698765672]},"properties":{"dockingPointId":"6823a5d42143cbd458801570","mapOverlay":true,"type":"36","yaw":"266"}}}},{"id":"6823a5d42143cbd458801570","name":"Charging Station","type":"charger_24v","poiId":"6823a5d42143cbd458801570","x":-0.028294880667081166,"y":-0.39899799464162183,"yaw":86,"areaId":"Floor1","floor":"Floor1","metadata":{"stopRadius":0.5,"dockingRadius":0.5,"mapId":4,"mapName":"Floor1","mapUid":"6823a65a635e4a0ff05b8104","rawFeature":{"id":"6823a5d42143cbd458801570","type":"Feature","geometry":{"type":"Point","coordinates":[-0.028294880667081166,-0.39899799464162183]},"properties":{"deviceIds":["L382502104987ir"],"dockingPointId":"6823a5d4c74da807da5e8948","mapOverlay":true,"name":"Charging Station","subtype":"24v","type":"9","yaw":86}}}},{"id":"6823a6cdf0395848c748a309","name":"050_load","type":"rack_rack","poiId":"6823a6cdf0395848c748a309","x":-2.8474520664190095,"y":2.3113283120324013,"yaw":"0","areaId":"Floor1","floor":"Floor1","metadata":{"stopRadius":0.5,"dockingRadius":0.5,"mapId":4,"mapName":"Floor1","mapUid":"6823a65a635e4a0ff05b8104","rawFeature":{"id":"6823a6cdf0395848c748a309","type":"Feature","geometry":{"type":"Point","coordinates":[-2.8474520664190095,2.3113283120324013]},"properties":{"deviceIds":null,"dockViaDirection":"front","enforcePullOut":false,"hasFixedLegs":false,"mapOverlay":true,"name":"050_load","shelvesState":"0","subtype":"rack","type":"34","yaw":"0"}}}},{"id":"6823a701a3606ffc261ae926","name":"050_load_docking","type":"docking","poiId":"6823a701a3606ffc261ae926","x":-1.8869687687583792,"y":2.3113283120324013,"yaw":"0","areaId":"Floor1","floor":"Floor1","metadata":{"stopRadius":0.5,"dockingRadius":0.5,"mapId":4,"mapName":"Floor1","mapUid":"6823a65a635e4a0ff05b8104","rawFeature":{"id":"6823a701a3606ffc261ae926","type":"Feature","geometry":{"type":"Point","coordinates":[-1.8869687687583792,2.3113283120324013]},"properties":{"hasFixedLegs":false,"mapOverlay":true,"name":"050_load_docking","type":"11","yaw":"0"}}}},{"id":"6823a7344301b62a8fd387d8","name":"001_load","type":"rack_rack","poiId":"6823a7344301b62a8fd387d8","x":-2.8613230861651573,"y":3.382830406053472,"yaw":"0","areaId":"Floor1","floor":"Floor1","metadata":{"stopRadius":0.5,"dockingRadius":0.5,"mapId":4,"mapName":"Floor1","mapUid":"6823a65a635e4a0ff05b8104","rawFeature":{"id":"6823a7344301b62a8fd387d8","type":"Feature","geometry":{"type":"Point","coordinates":[-2.8613230861651573,3.382830406053472]},"properties":{"deviceIds":null,"dockViaDirection":"front","enforcePullOut":false,"hasFixedLegs":false,"mapOverlay":true,"name":"001_load","shelvesState":"0","subtype":"rack","type":"34","yaw":"0"}}}},{"id":"6823a74b3e46ed678cdd8fb6","name":"001_load_docking","type":"docking","poiId":"6823a74b3e46ed678cdd8fb6","x":-1.8502880419646317,"y":3.3659798212681835,"yaw":"0","areaId":"Floor1","floor":"Floor1","metadata":{"stopRadius":0.5,"dockingRadius":0.5,"mapId":4,"mapName":"Floor1","mapUid":"6823a65a635e4a0ff05b8104","rawFeature":{"id":"6823a74b3e46ed678cdd8fb6","type":"Feature","geometry":{"type":"Point","coordinates":[-1.8502880419646317,3.3659798212681835]},"properties":{"hasFixedLegs":false,"mapOverlay":true,"name":"001_load_docking","type":"11","yaw":"0"}}}},{"id":"6823a76e6c84f3a5383fd78b","name":"104_load","type":"rack_rack","poiId":"6823a76e6c84f3a5383fd78b","x":-15.879840208299356,"y":6.768090424742468,"yaw":"0","areaId":"Floor1","floor":"Floor1","metadata":{"stopRadius":0.5,"dockingRadius":0.5,"mapId":4,"mapName":"Floor1","mapUid":"6823a65a635e4a0ff05b8104","rawFeature":{"id":"6823a76e6c84f3a5383fd78b","type":"Feature","geometry":{"type":"Point","coordinates":[-15.879840208299356,6.768090424742468]},"properties":{"deviceIds":null,"dockViaDirection":"front","enforcePullOut":false,"hasFixedLegs":false,"mapOverlay":true,"name":"104_load","shelvesState":"0","subtype":"rack","type":"34","yaw":"0"}}}},{"id":"6823a782d7780b98ca5029bf","name":"104_load_docking","type":"docking","poiId":"6823a782d7780b98ca5029bf","x":-14.801402825241894,"y":6.768090424742468,"yaw":"0","areaId":"Floor1","floor":"Floor1","metadata":{"stopRadius":0.5,"dockingRadius":0.5,"mapId":4,"mapName":"Floor1","mapUid":"6823a65a635e4a0ff05b8104","rawFeature":{"id":"6823a782d7780b98ca5029bf","type":"Feature","geometry":{"type":"Point","coordinates":[-14.801402825241894,6.768090424742468]},"properties":{"hasFixedLegs":false,"mapOverlay":true,"name":"104_load_docking","type":"11","yaw":"0"}}}},{"id":"6823a7a3ff44c7ae43b9f5e9","name":"115_load","type":"rack_rack","poiId":"6823a7a3ff44c7ae43b9f5e9","x":-8.0294985784235,"y":6.704401791495229,"yaw":"0","areaId":"Floor1","floor":"Floor1","metadata":{"stopRadius":0.5,"dockingRadius":0.5,"mapId":4,"mapName":"Floor1","mapUid":"6823a65a635e4a0ff05b8104","rawFeature":{"id":"6823a7a3ff44c7ae43b9f5e9","type":"Feature","geometry":{"type":"Point","coordinates":[-8.0294985784235,6.704401791495229]},"properties":{"deviceIds":null,"dockViaDirection":"front","enforcePullOut":false,"hasFixedLegs":false,"mapOverlay":true,"name":"115_load","shelvesState":"0","subtype":"rack","type":"34","yaw":"0"}}}},{"id":"6823a7b6bf11456eb798cfe1","name":"115_load_docking","type":"docking","poiId":"6823a7b6bf11456eb798cfe1","x":-6.9173600260796775,"y":6.721252376138409,"yaw":"0","areaId":"Floor1","floor":"Floor1","metadata":{"stopRadius":0.5,"dockingRadius":0.5,"mapId":4,"mapName":"Floor1","mapUid":"6823a65a635e4a0ff05b8104","rawFeature":{"id":"6823a7b6bf11456eb798cfe1","type":"Feature","geometry":{"type":"Point","coordinates":[-6.9173600260796775,6.721252376138409]},"properties":{"hasFixedLegs":false,"mapOverlay":true,"name":"115_load_docking","type":"11","yaw":"0"}}}},{"id":"6823a7df550e899cf7cfde33","name":"112_load","type":"rack_rack","poiId":"6823a7df550e899cf7cfde33","x":1.4056499648518184,"y":4.495540707125656,"yaw":"180","areaId":"Floor1","floor":"Floor1","metadata":{"stopRadius":0.5,"dockingRadius":0.5,"mapId":4,"mapName":"Floor1","mapUid":"6823a65a635e4a0ff05b8104","rawFeature":{"id":"6823a7df550e899cf7cfde33","type":"Feature","geometry":{"type":"Point","coordinates":[1.4056499648518184,4.495540707125656]},"properties":{"deviceIds":null,"dockViaDirection":"front","enforcePullOut":false,"hasFixedLegs":false,"mapOverlay":true,"name":"112_load","shelvesState":"0","subtype":"rack","type":"34","yaw":"180"}}}},{"id":"6823a7fd5b85b7a056cecd03","name":"112_load_docking","type":"docking","poiId":"6823a7fd5b85b7a056cecd03","x":0.37776433629232997,"y":4.529241876269907,"yaw":"0","areaId":"Floor1","floor":"Floor1","metadata":{"stopRadius":0.5,"dockingRadius":0.5,"mapId":4,"mapName":"Floor1","mapUid":"6823a65a635e4a0ff05b8104","rawFeature":{"id":"6823a7fd5b85b7a056cecd03","type":"Feature","geometry":{"type":"Point","coordinates":[0.37776433629232997,4.529241876269907]},"properties":{"hasFixedLegs":false,"mapOverlay":true,"name":"112_load_docking","type":"11","yaw":"0"}}}}],"count":12,"timestamp":"2025-05-16T07:13:15.936Z","source":"robot_api_direct"}